Name	category	price	rating	review_count
Wright & Company	Gastropubs,American (New),Tapas/Small Plates	$$	4.0	609
Republic	American (New)	$$$	4.0	349
The Greek	Greek,Mediterranean	$$	3.0	5
Parc	American (New),Bars,Breakfast & Brunch	$$$	4.0	187
Standby	American (New),Cocktail Bars	$$	4.5	236
Grey Ghost Detroit	American (Traditional),Beer Bar,Cocktail Bars	$$$	4.0	295
Vertical Detroit	Wine Bars,American (New),Cocktail Bars	$$	4.0	187
Chill Martini Bistro	American (Traditional)	$$	3.5	7
Dime Store	Breakfast & Brunch,Bars,Diners	$$	4.5	766
SavannahBlue	American (New),Soul Food	$$	4.0	175
Rusted Crow Detroit	Cocktail Bars,Burgers,Sandwiches	$$	4.0	134
Vicente’s Cuban Cuisine	Cuban,Dance Clubs,Seafood	$$	4.0	519
Roast	Steakhouses	$$$	4.0	818
La Lanterna	Pizza,Italian,Wine Bars	$$	4.0	38
Selden Standard	American (New),Breakfast & Brunch,Sandwiches	$$	4.5	694
Central Kitchen + Bar	American (New),Seafood,Burgers	$$	3.5	206
Cornerstone Barrel House	American (New),Whiskey Bars	$$	4.5	114
Gogo’s	Hawaiian,Poke,Asian Fusion	$	4.0	70
Downtown Louie’s	American (Traditional),Lounges,Cocktail Bars	$$	4.0	147
Royale with Cheese	Burgers	$$	4.5	129
La Dulce	Tapas/Small Plates,Tapas Bars,Cocktail Bars	$$	4.0	120
Townhouse	American (New),Sushi Bars,Chicken Wings	$$	3.0	494
Joe Muer Seafood	Seafood,Sushi Bars,American (Traditional)	$$$	4.0	414
Angelina Italian Bistro	Italian,Bars	$$	4.0	274
Maru Sushi & Grill Detroit	Sushi Bars,Seafood	$$	4.0	133
Firebird Tavern	American (New),Sports Bars,Venues & Event Spaces	$$	4.0	133
Wala	American (Traditional),Fast Food	$	4.5	93
Rock City Eatery	American (New),Tapas/Small Plates,Cocktail Bars	$$	4.0	263
London Chop House	Steakhouses,Cocktail Bars,Cigar Bars	$$$$	4.0	159
Mudgie’s Deli	Delis,Wine Bars,American (Traditional)	$$	4.5	660
2941 Street Food	Mediterranean,Turkish,Sandwiches	$$	4.5	86
Batch Brewing Company	Breweries,Bars,American (New)	$$	4.5	276
Takoi	Thai	$$	4.5	219
Wahlburgers	Burgers,American (Traditional)	$$	3.5	258
Chartreuse	American (New),Tapas/Small Plates,Cocktail Bars	$$	4.5	386
Jacoby’s German Biergarten	German,Pubs	$$	4.0	226
Andiamo Detroit Riverfront	Italian	$$$	3.5	156
Brass Rail Pizza Bar	Pizza,Beer Bar,Sandwiches	$$	4.0	27
Calexico - Detroit	Mexican	$$	3.0	224
Lafayette Coney Island	Diners,Hot Dogs,American (New)	$	4.0	695
The Apparatus Room	Bars,American (New)	$$$	4.0	115
Basement Burger Bar	American (Traditional),Burgers,Salad	$$	4.0	68
ima	Noodles,Soup	$$	4.5	90
Texas de Brazil	Brazilian,Steakhouses,Venues & Event Spaces	$$$	4.0	361
Sweetwater Tavern	American (New),Bars,American (Traditional)	$$	3.5	363
Prism	Seafood,Steakhouses,Italian	$$$	4.0	39
Green Dot Stables	Bars,American (New)	$	4.0	1408
Colors	American (New),Breakfast & Brunch,Burgers	$$	4.5	43
La Pecora Nera	Delis,Italian,Coffee & Tea	$	4.5	31
Spago Trattoria E Pizzeria	Italian,Pizza	$$	4.5	90
The Fountain Detroit	Bars,American (Traditional)	$$	3.5	41
Pegasus Taverna	Greek,Mediterranean,Vegetarian	$$	3.5	367
Bobcat Bonnie’s	Gastropubs	$$	4.0	316
Jose’s Tacos	Tacos	$	4.0	79
Parks & Rec Diner	Diners,Breakfast & Brunch	$$	4.0	270
Shake Shack	Burgers,Ice Cream & Frozen Yogurt,Fast Food	$$	3.5	171
Chubby Duck Detroit	Japanese,Sushi Bars	$$	4.0	34
Cliff Bell’s	Bars,Jazz & Blues,American (New)	$$	3.5	442
PizzaPapalis of Greektown	Pizza,Italian	$$	4.0	292
Small Plates	American (New),Wine Bars,Tapas/Small Plates	$$	3.5	234
The District Bar & Grill	Lounges,American (Traditional)	$$	4.0	23
Tommy’s Detroit Bar & Grill	American (Traditional),Bars	$	4.0	62
Red Smoke Barbecue	Barbeque,American (Traditional),Beer Bar	$$	3.5	390
Santorini Estiatorio	Greek	$$	3.5	218
The Hudson Cafe	Breakfast & Brunch,Cafes	$$	4.0	637
Granite City Food & Brewery	Pizza,American (New),Breweries	$$	3.0	150
Gold Cash Gold	French,Southern,American (Traditional)	$$	3.5	350
Slows Bar BQ	Barbeque,Beer Bar,American (Traditional)	$$	4.0	1710
Park Bar	Venues & Event Spaces,Sports Bars,American (Traditional)	$	4.0	102
24grille	Bars,American (Traditional)	$$$	3.0	229
Ottava Via	Pizza,Italian,Sandwiches	$$	4.0	394
Grand Trunk Pub	Pubs,American (New)	$$	3.5	437
Punch Bowl Social Detroit	Bowling,American (New),Gastropubs	$$	3.0	557
Supino Pizzeria	Pizza,Italian	$	4.5	635
The Clique Restaurant	American (New)	$	4.5	79
Detroit Beer Company	Breweries,American (New)	$$	3.5	341
F&B	Tapas/Small Plates,Seafood,Cocktail Bars	$$	5.0	13
Blue Star Cafe	American (Traditional)	$	4.0	23
Cook’s Shop the Restaurant	Italian	$$	4.5	53
Gus’s World Famous Fried Chicken	Chicken Shop,Southern	$$	4.0	138
Johnny Noodle King	Ramen,Chinese,Noodles	$$	4.0	439
Caucus Club	Seafood,Steakhouses		4.0	18
Antietam	American (New),French,Breakfast & Brunch	$$$	4.0	256
Iridescence	American (New),Bars,Seafood	$$$	4.0	184
HopCat	Pubs,American (Traditional)	$$	4.0	498
Fishbone’s	Seafood,Cajun/Creole,Breakfast & Brunch	$$	3.0	367
Go! Sy Thai	Thai	$$	4.0	26
Motor City Kitchen	Sports Bars,American (New)	$$	3.5	40
Checker Bar	Bars,American (Traditional)	$	4.0	55
Hot Taco	Mexican	$	3.0	297
La Feria	Tapas Bars,Spanish	$$	4.0	256
Avalon Cafe and Bakery	Bakeries,Breakfast & Brunch,Cafes	$$	4.0	55
Roasting Plant	Coffee & Tea,Cafes,Coffee Roasteries	$	4.5	191
Golden Fleece Restaurant	Greek,Mediterranean	$$	3.5	180
Centaur Bar	Lounges,Tapas Bars	$$	3.5	151
Stache International	Sandwiches,Bars,Smokehouse	$$	4.5	78
Harbor House	Seafood,American (Traditional),Steakhouses	$$	3.0	129
Broderick Grille	Breakfast & Brunch,American (Traditional),Beer Bar	$$	3.0	43
Ham Shop Cafe	Diners,Mediterranean	$	4.0	76
The Squirrel Cage	Breakfast & Brunch,Sandwiches,Soup	$$	4.5	77
PizzaPlex	Pizza	$$	5.0	8
Huron Room	American (Traditional),Seafood,Breakfast & Brunch	$$	4.0	173
The Carvery	Salad,Soup,Sandwiches	$	4.5	34
The Block	American (Traditional)	$$	3.5	119
Mercury Burger Bar	Burgers	$$	4.0	584
7 Greens Detroit Salad	Salad	$$	4.0	63
SnackBar-B-Q	Barbeque	$$	4.0	38
The Peterboro	Chinese,Cocktail Bars	$$	3.5	154
Sweet Lorraine’s Fabulous Mac n’ Cheez!	Salad,Soup,Sandwiches	$	4.0	19
MGM Grand Detroit	Hotels,Casinos,American (Traditional)	$$$	3.0	210
Brooklyn Street Local	Diners,Vegetarian,Vegan	$$	4.0	202
Mamo Burger Bar	American (Traditional),Burgers	$$	4.5	50
American Coney Island	Diners,Hot Dogs	$	3.5	310
Jolly Pumpkin Pizzeria and Brewery	Pizza,Breweries	$$	4.0	327
Pho Nguyen Hoang	Vietnamese	$	4.5	45
Chickpea In the D	American (New),Vegetarian,Middle Eastern	$	4.0	30
Drought	Juice Bars & Smoothies,Live/Raw Food	$$	4.0	18
Pho Lucky - Detroit	Vietnamese	$$	4.0	129
Ukrainian Restaurant	Ukrainian	$	4.5	37
Grill Room at Detroit Athletic Club	American (Traditional),Breakfast & Brunch	$$$$	4.0	14
Wolfgang Puck Steak	Steakhouses	$$$	3.5	71
New Parthenon Restaurant	Greek,Mediterranean,American (Traditional)	$$	3.0	202
Nico	Italian	$$$	4.5	23
Lorelei’s Bistro	Canadian (New)	$$$	5.0	6
Taqueria El Rey	Mexican	$	4.5	220
Orchid Thai Restaurant	Thai	$	3.5	87
Bucharest Grill	Mediterranean,American (Traditional)	$	4.0	79
Detroit Seafood Market	Seafood	$$$	3.0	271
The Manchester	British,Music Venues,Fish & Chips	$$	4.0	47
Cobo Joe’s Bar	Sports Bars,American (Traditional)	$$	3.5	57
Honey Bee La Colmena	Grocery,Mexican	$	4.5	183
Bam Bamz Pizza	Pizza,Seafood,Barbeque	$$	3.0	9
Red Dunn Kitchen	American (New),Bars,Breakfast & Brunch	$$	4.0	55
MAZAAR - Downtown	Middle Eastern	$$	4.0	63
Go! Sy Thai	Thai,Tapas/Small Plates	$	4.0	213
Frenchy’s Poutinery	Poutineries,Fast Food	$	4.0	69
Motor City Brewing Works	Breweries,Pizza	$$	4.0	400
Volt Lounge	American (New)	$$	3.0	52
The Keg Restaurant	Steakhouses	$$$	4.0	47
Niki’s Pizza	Pizza,Greek	$$	3.5	163
Wolfgang Puck Pizzeria & Cucina	American (New)	$$$	3.5	43
Pie Sci	Pizza	$	4.5	75
Jubba Restaurant	Canadian (New),African	$	4.5	16
Detroit 75 Kitchen	Food Trucks,American (Traditional),Sandwiches	$	4.5	99
Union Street	American (Traditional)	$$	3.5	274
Bangkok Crossing	Thai	$	3.5	80
La Palma	Mediterranean,Middle Eastern	$	4.0	102
The Town Pump Tavern	Pubs,American (Traditional)	$$	3.0	95
Lunchtime Global	Sandwiches,Soup	$	4.0	44
Bubi’s Awsome Eats	Burgers,Salad	$$	4.0	52
Taqueria Lupita’s	Mexican	$	4.0	257
The Bronx Bar	Dive Bars,Burgers	$	4.0	220
Sundried Tomato Bistro	Italian	$$	5.0	3
Floods Bar & Grille	American (Traditional),Soul Food,Bars	$$	3.5	68
Gather	Bars,American (Traditional)	$$	4.5	29
The Barrel House	Canadian (New),Pubs	$$	4.5	11
Tropical Hut Philippine Cuisine	Filipino	$	5.0	12
Hard Rock Cafe	American (New),Burgers,Music Venues	$$	3.0	143
Salsarita’s Fresh Mexican Grill	Mexican	$	3.5	12
Cafe March 21	Desserts,Cafes,Coffee & Tea	$	5.0	46
Cutter’s Bar & Grill	Sports Bars,American (Traditional)	$$	4.0	61
Windsor Palace Restaurant	Middle Eastern	$$	4.5	41
The Potato Place	American (Traditional),Ice Cream & Frozen Yogurt	$	4.0	52
Honest John’s Bar & Grill	Pubs,Burgers,Breakfast & Brunch	$	4.0	297
Cadillac Square Diner	Diners,Breakfast & Brunch	$	4.0	35
Bread Meats Bread	Sandwiches		5.0	7
Russell St Deli	Delis,Sandwiches	$$	4.0	194
Café 78	American (Traditional),Cocktail Bars	$$	4.5	17
The Foundry Pub	Gastropubs	$$	4.0	18
The Ghost Bar	American (New),Cocktail Bars	$$	4.0	20
U-Noodles	Chinese,Noodles		5.0	3
Mr. Kabob Grille & Catering	Mediterranean	$	3.5	57
Eastern Market Seafood Co	Seafood,Seafood Markets	$	4.0	24
Gourmet Deli	Delis	$	4.5	9
McShane’s Irish Pub & Whiskey Bar	American (Traditional),Irish Pub,Whiskey Bars	$$	4.0	76
Da Edoardo Foxtown Grille	Italian,Pizza,Desserts	$$$	3.5	55
Asiago’s Pizza	Pizza,Italian	$	3.0	43
The Old Shillelagh	Pubs,Burgers	$	3.0	125
Hero Or Villain Van	Sandwiches,Food Trucks,Caterers	$	5.0	18
Elwood Bar & Grill	Diners,American (Traditional),Sports Bars	$$	3.5	36
The Baltimore	Bars,American (Traditional)	$	3.5	33
TAP at MGM Grand Detroit	Pubs,American (New),Sports Bars	$$	2.5	125
Bucharest Grill	American (Traditional)	$	3.5	144
MotorBurger	Burgers	$$	4.0	79
The Garden Asian Vegetarian Cuisine	Vegetarian,Asian Fusion,Vegan	$$	4.5	26
Monroe Street Steakhouse	Steakhouses	$$$	3.5	23
Craft Heads Brewing Company	Breweries,Coffee & Tea,Pizza	$$	5.0	24
The Corner Tap Room	Sports Bars,American (New)	$$	4.0	4
Detroiter Bar	Dive Bars,Sports Bars,American (New)	$	3.5	71
Bellacino’s	Sandwiches,Salad,Pizza	$	4.5	9
Zef’s Midtown	American (Traditional),Breakfast & Brunch	$	4.5	47
Kresge Court at Detroit Institute of Arts	American (New)	$$	4.5	35
Los Galanes	Mexican	$$	3.5	193
The Whitney	American (New)	$$$	3.5	324
Red Corridor	Bars,Sandwiches	$$	3.5	41
Antojitos El Catracho	Latin American	$	5.0	13
Traffic Jam & Snug	American (Traditional),American (New),Bakeries	$$	3.0	390
The City Grill	American (Traditional)	$$$	3.5	27
Press Room	Cafes,Juice Bars & Smoothies,Pizza	$$	3.5	5
Vivio’s Food & Spirits	American (Traditional)	$$	3.5	114
F&B	Tapas/Small Plates,Seafood,Cocktail Bars	$$	5.0	13.0
Downtown Loius	Bars,American (New)			
PJ’s Lager House	Dive Bars,Music Venues,Vegetarian	$	4.0	104.0
Bookies Bar & Grille	Sports Bars,American (Traditional)	$$	3.0	88.0
Loco Bar & Grill	Mexican	$$	2.5	86.0
Mo Better Blues	Jazz & Blues,Soul Food	$	2.0	6.0
Tropical Hut Philippine Cuisine	Filipino	$	5.0	12.0
Le Petit Zinc	French,Coffee & Tea	$$	3.5	237.0
TJ’s Grillworks	Breakfast & Brunch,American (Traditional)	$	3.0	11.0
The Foundry Pub	Gastropubs	$$	4.0	18.0
Hockeytown Cafe	Sports Bars,American (New)	$$	2.5	159.0
Andrews On the Corner	American (New),Salad,Soup	$	4.0	58.0
Xochimilco Restaurant	Mexican	$	3.0	317.0
Evie’s Tamales	Mexican	$	4.0	91.0
Coaches Corner	Sports Bars,Chicken Wings,Pizza	$	3.0	5.0
Bert’s Marketplace	Barbeque,Soul Food,Jazz & Blues	$$	3.5	108.0
Nancy Whiskey	Pubs,Irish	$	4.0	58.0
Mac Shack	American (New),Food Trucks	$	4.0	84.0
Rice Bowl Fresh Asian Kitchen	Chinese,Asian Fusion,Thai	$$	3.0	23.0
Schnäck	German		4.0	2.0
Rattlesnake Club	Venues & Event Spaces,Seafood,Steakhouses	$$$	3.5	143.0
La Guardia	Italian	$$	4.0	16.0
Bai Mai Thai	Thai	$$	3.5	104.0
Palette Dining Studio	Buffets	$$	3.0	63.0
Slows To Go	Barbeque,Caterers,Food Trucks	$$	3.5	176.0
Greenroom Salads	Sandwiches,Vegetarian,Salad	$	4.0	31.0
Tamaleria Nuevo Leon	Mexican	$	4.5	29.0
Neros Steakhouse	Steakhouses,Seafood	$$$$	3.5	35.0
New Center Eatery	Southern,American (New),Breakfast & Brunch	$$	4.0	155.0
Stockyard	Food Trucks,Sandwiches	$	4.5	18.0
Ming Kitchen	Chinese,Seafood,Chicken Shop	$$	4.5	3.0
Freshii	Salad,Juice Bars & Smoothies,Soup	$$	3.0	24.0
Level Two Bar & Rooftop	Bars,Dance Clubs,American (Traditional)	$$	2.5	58.0
Rino’s Kitchen	Pubs,Canadian (New)	$$	4.0	15.0
Bookies Bar & Grille	Sports Bars,American (Traditional)	$$	3.0	88.0
Seva Detroit	Vegetarian,Vegan,Bars	$$	3.5	338.0
Crunch at Breeze	American (Traditional)	$	3.5	3.0
House of Pad Thai	Thai,Laotian	$$	4.5	15.0
Sheeba Express	Mediterranean,Juice Bars & Smoothies,Sandwiches	$	5.0	11.0
South Detroit	Bars,American (Traditional),Seafood	$$	3.5	17.0
Nathan’s Deli	Delis	$	4.0	14.0
On a Roll Sushi & Sliders	Sushi Bars,Cocktail Bars	$$	5.0	8.0
The Twisted Apron	Comfort Food,Breakfast & Brunch	$$	3.5	81.0
State Deli & Grocery	Delis,Sandwiches,Grocery	$	4.0	7.0
Le Petit Zinc	French,Coffee & Tea	$$	3.5	237.0
City Wings	Chicken Wings	$	4.0	81.0
Eros	Thai,Chinese,Japanese	$$	4.5	15.0
Avalon International Breads	Bakeries,Sandwiches,Coffee & Tea	$	4.5	269.0
Centre Park Bar	Bars,American (Traditional)	$$	3.0	13.0
Midtown Shangri-La	Dim Sum,Sushi Bars	$$	3.5	196.0
Tommy’s Bar-B-Q	Barbeque,Desserts	$$	4.0	12
Zeff’s Coney Island Restaurant	Diners,Hot Dogs,American (New)	$	4.0	68
Nemo’s Bar	American (Traditional),Sports Bars	$	3.5	69
TOAST Restaurant	Breakfast & Brunch	$$	3.5	21
Wineology	Tapas/Small Plates,Wine Bars,Wine Tasting Room	$$	4.0	11
May Wah Inn Chinese Cuisine	Chinese	$$	4.0	65
The Bistro at the River	American (Traditional),Seafood	$$	2.5	17
Bistro 555	Breakfast & Brunch,American (Traditional),Buffets	$$	3.0	57
Giordano’s	Pizza,Italian,Sandwiches		4.5	6
Tony V’s Tavern	Bars,Burgers,Pizza	$$	4.0	39
The Sushi California	Japanese,Sushi Bars	$$	4.0	43
Spoon Ramen Restaurant	Ramen	$$	4.5	5
Taloola Cafe	Cafes	$$	4.5	38
Dumpling Plus To Go	Chinese	$	5.0	2
Wigley’s Meats & Produce	Meat Shops,Delis	$$	4.0	9
Shawarma Palace	Middle Eastern,Halal	$	4.0	44
Eddy’s Mediterranean Bistro	Lebanese,Mediterranean,Italian	$	4.5	13
Il Gabbiano Ristorante	Italian,Vegan,Seafood	$$$	3.5	17
Bucharest Grill	American (Traditional),Middle Eastern,Desserts	$	3.0	78
Alley Taco	Tacos	$	3.0	118
People’s Pierogi Collective	Polish	$$	4.0	13
Blimpie	Sandwiches	$	5.0	34
Basil Court Restaurant	Thai	$$	3.5	31
Vito’s Olde Walkerville Pizzeria	Pizza	$$	4.0	41
Buffalo Wild Wings	Chicken Wings,American (Traditional),Sports Bars	$$	2.5	102
Ivanhoe Cafe - Polish Yacht Club	American (Traditional),Polish,Seafood	$$	4.5	26
Loco Bar & Grill	Mexican	$$	2.5	86
Acapulco Delight Restaurant	Mexican,Vegetarian,Asian Fusion	$$	4.0	6
Louisiana Creole Gumbo	Cajun/Creole	$	3.5	48
Beyond Juicery + Eatery	Juice Bars & Smoothies,Salad,Sandwiches	$$	4.0	34
Which Wich Superior Sandwiches	Sandwiches,Breakfast & Brunch	$	3.5	23
Pho Xic Lo	Vietnamese	$$	4.0	37
Potbelly Sandwich Shop	Sandwiches	$	3.5	25
Athens Souvlaki	Greek	$	3.5	15
Gateway Deli Cafe	Delis	$$	3.5	25
Milano Bakery	Bakeries,Cafes,Soup	$	4.0	60
Enzo’s Trattoria	Italian	$$	4.0	10
Maccabees Traders	Asian Fusion,Vietnamese	$$	3.5	28
Bombay-Wraps	Food Trucks,Soul Food,Wraps	$$	3.5	49
Toasty’s Grilled Cheese & Salad Bar	Soup,Sandwiches,Canadian (New)	$$	4.5	17
SIR Cedric’s Fish & Chips	Seafood	$$	4.0	19
Detroit One Coney Island	American (Traditional)	$	3.0	71
Southern Fires Bistro & Lounge	Lounges,Seafood,American (Traditional)	$$	3.0	23
Mezzo Ristorante & Lounge	Italian,Lounges	$$$	4.0	15
Terra Cotta Pizzeria	Pizza	$$	4.0	21
Loco’s Tex-Mex Grille	Tex-Mex	$$	2.5	27
They Say	American (New),Burgers,Sandwiches	$$	3.5	84
Slices	Pizza	$	3.5	39
Harry’s Detroit	Sports Bars,American (Traditional)	$$	3.5	53
Le Petit Dejeuner	Breakfast & Brunch	$$	4.0	60
La Contessa	Italian,Desserts,Cocktail Bars	$$	4.0	8
Sun Hong BBQ & Seafood	Barbeque,Seafood,Chinese	$$	3.5	24
WBC Coffee	Cafes,Breakfast & Brunch	$	4.0	11
Renaissance Club	American (New)		4.5	2
Onassis Coney Island	American (New),Breakfast & Brunch	$	4.5	32
Simon’s Prime Hamburgers	Burgers	$	4.0	15
Chrome Bar and Grille	American (New)	$$	3.0	8
Greektown Historic District	Nightlife,Restaurants,Casinos	$$	4.5	7
Cadillac Cafe	Tapas/Small Plates	$$	3.0	14
The Lodge Diner	Diners	$$	3.0	31
Signature Grill	American (Traditional)	$$	2.5	38
Mare Nostrum	Mediterranean,Bars,Burgers		5.0	2
Trinosophes	Coffee & Tea,Breakfast & Brunch	$	4.0	50
Cass Cafe	Vegetarian,Sandwiches,Bars	$$	3.5	221
Wasabi Korean and Japanese Cuisine	Japanese,Korean,Sushi Bars	$$	3.0	231
Armando’s	Mexican	$$	3.0	124
Corktown Tavern	Pubs,Restaurants	$	3.5	26
Fresh Corner Café	Cafes	$	5.0	2
Mi Casita	Salvadoran,Mexican,Vegan	$$	3.5	16
Fourteen	Tapas/Small Plates,Seafood,Steakhouses	$$	3.5	13
Five Guys	Burgers,Fast Food	$	3.5	66
Cuisine	French	$$$	3.5	92
Mexican Town Restaurant	Mexican	$$	3.0	73
Mario’s on Pelissier	Italian	$$	4.5	6
Byblos Cafe & Grill	Seafood,Mediterranean	$	3.5	54
La Bohème	Breakfast & Brunch,French,Coffee & Tea	$$	4.5	24
Hygrade Deli	Delis,Sandwiches	$	4.0	94
World Marathon Ethiopian Restaurant	Ethiopian	$$	3.5	19
Zoup!	Soup,Sandwiches,Salad	$	3.5	12
Carrots N Dates	Vegan,Vegetarian,Gluten-Free	$$	4.5	20
Sweet Lorraine’s Fabulous Mac n’ Brewz	American (Traditional)	$	2.5	62
Hot & Spicy House	Chinese,Seafood,Noodles	$$	4.0	7
Rock Bottom Bar & Grill	Breakfast & Brunch,Sports Bars	$$	4.0	24
O’Magglio’s Kildare House	Bars,Gastropubs	$$	3.5	40
Hikari Restaurant	Japanese,Korean	$$	3.5	22
Mike’s Famous Ham Place	Sandwiches,Delis	$	4.5	44
Bibim To Go	Korean	$$	3.5	15
Urban Soul	American (New)	$$	3.0	50
Woodward Coney Restaurant	Hot Dogs,Burgers,Greek	$	3.5	20
Sports & Social Detroit	Sports Bars,American (Traditional),Cocktail Bars		4.5	7
The DragonFly	Sushi Bars,Asian Fusion	$$	4.0	8
Stathis Grill	Breakfast & Brunch,Greek,Mediterranean	$$	4.5	8
El Paisa Taqueria Truck	Mexican,Food Stands	$	4.5	8
Kagerou Ramen House	Ramen	$$	4.0	1
Heather Bell Fish & Chips	Seafood	$	4.0	10
Potbelly Sandwich Shop	Sandwiches	$	3.0	14
Shin Shin	Chinese	$$	4.0	27
Saigon House	Vietnamese,Thai	$$	3.5	15
PV Lounge	Lounges,Venues & Event Spaces,Seafood	$$$	2.5	10
Bacardi Champions Club	Buffets		5.0	1
Mike’s Kabob Grille	American (Traditional),Middle Eastern,Breakfast & Brunch	$$	3.0	17
Mario’s Restaurant	Italian	$$$	3.0	188
Cottage Inn Pizza	Pizza	$	3.0	14
Ristorante Avanti	Italian	$$	4.5	6
Calabrisella Ristorante	Italian		5.0	3
Frank’s Deli & Grill	American (Traditional),Delis,Breakfast & Brunch	$$	4.0	5
Lady of the House	American (New)	$$$	5.0	3
Mr Fish	Seafood,Seafood Markets	$	4.0	13
MotorCity Casino Buffet	American (Traditional),Buffets	$$	3.5	14
International Mini-Café	Indian	$	4.0	19
Mucci’s Ristorante	Italian,Bars,Barbeque		4.0	4
Sgt. Pepperoni’s	Pizza	$	3.5	48
Steak & Shawarma	Mediterranean	$	4.0	10
Drive Table Tennis Social Club	Sports Clubs,Cocktail Bars,American (New)	$$	3.0	12
Majestic Café	Bars,Breakfast & Brunch	$$	3.5	81
Jimmy John’s	Sandwiches	$	3.5	18
Mexican Village Restaurant	Mexican,Venues & Event Spaces	$$	3.0	154
Nick’s Gaslight Restaurant & Lounge	Restaurants	$$	3.0	16
El-Mayor Restaurant	Lebanese	$$	4.0	19
Social Sushi Detroit	Sushi Bars		4.5	2
River’s Edge Grille	American (Traditional)		3.5	2
Steve’s Downtown & The Key Club	Soul Food	$$	3.5	25
Maya’s Indo-Pak Cuisine	Pakistani,Indian	$$	3.0	43
Impasto - Italian Inspired Wraps	Food Trucks,Italian,Caterers	$	5.0	6
Assembly Line Buffet	Buffets	$$	3.0	42
TJ’s Grillworks	Breakfast & Brunch,American (Traditional)	$	3.0	11
Atomic Chicken - Detroit	Chicken Shop	$$	3.5	20
Coney Town	Fast Food		2.5	9
Relish at Breeze	American (Traditional),Burgers	$	2.5	6
Louie’s Ham And Corned Beef	Diners,Breakfast & Brunch,Sandwiches	$	4.0	69
Sicily’s Pizzeria & Subs	Pizza	$	3.5	28
Mini Restaurant	Vietnamese	$$	4.0	10
Skippy’s Restaurant	American (Traditional),Comfort Food	$$	3.5	10
A Dog’s Breakfast	Breakfast & Brunch,Hot Dogs	$$	3.5	15
Johnny Rockets	Burgers	$$	3.5	14
Rose Garden Chinese Cuisine	Chinese	$$	4.5	8
Mo Better Blues	Jazz & Blues,Soul Food	$	2.0	6
Taste of Indian Tandoori	Indian	$$	4.5	7
Bert’s On Broadway	Lounges,American (Traditional)	$	3.0	4
Ciao Pasta Bar	Italian,Gluten-Free,Do-It-Yourself Food	$$	3.5	12
Mike’s Pizza Bar	Pizza,Sports Bars	$$	5.0	9
Krispy Krunch Chicken	Cajun/Creole,Fast Food,Chicken Wings	$$	3.5	3
PizzaPapalis - Rivertown	Pizza	$$	3.0	35
Brigantino Restaurant	Italian	$$	4.5	3
The Bull & Barrel	Sports Bars,Barbeque,American (Traditional)	$$	3.0	22
Lucky Dragon	Chinese	$	3.0	32
Walker Grill	Canadian (New),Burgers		4.5	2
Pink FlaminGO! Mobile Restaurant	Food Stands	$	4.0	5
The Alley Deck	Bars,Breakfast & Brunch	$$	4.0	10
The Harvest Table	Breakfast & Brunch,Canadian (New)		4.0	5
Q-Tea Bubble Tea	Coffee & Tea,Bubble Tea,Asian Fusion	$$	4.5	2
Bozii	Fast Food	$	3.5	12
Papa’s Pizza & BBQ	Barbeque,Pizza	$	3.5	8
Jade Chinese Cuisine	Caterers,Chinese,Imported Food	$$	3.0	40
Pho Maxim	Vietnamese	$$	3.5	23
Bean’s Ladle	Burgers,Sandwiches,Soup	$$	3.5	6
Guardian Cafe	Coffee & Tea,Breakfast & Brunch	$	4.5	3
The Bourbon Tap & Grill	Pizza,Pubs	$$	4.5	7
Treehouse Bar & Grill	Bars,Canadian (New)	$	4.0	8
Zoom Grill	Greek	$	3.0	10
Take Five Bistro	Seafood,Steakhouses	$$	4.0	12
Papa’s Pizza & BBQ	Pizza,Barbeque		4.0	1
Rice Bowl Express	Chinese	$	2.0	8
Taquería Chilango	Restaurants		4.0	2
Villain’s Beastro	Music Venues,Sandwiches,Bars	$$	4.5	4
Falafel Alsham	Falafel,Middle Eastern	$	5.0	2
AfroCana Tukul	African		4.0	4
China House	Chinese	$	3.5	24
Top China One	Chinese	$	3.5	17
D Motown Deli	Delis,Sandwiches	$	4.0	10
Harvey Lo’s Restaurant	Chinese		5.0	3
The Liquid Library	Pubs,American (Traditional)		5.0	1
Krusty’s Pizza	Pizza	$	5.0	6
White Castle	Fast Food,Burgers	$	4.0	11
Giovanni Caboto Pizza	Pizza	$$	5.0	2
Starter’s Bar and Grill	Sports Bars,American (Traditional)	$$	3.0	49
Terrace Cafe	Cafes	$	3.5	3
Panera Bread	Salad,Soup,Sandwiches	$$	2.5	8
Ho Wah Restaurant	Chinese,Seafood	$$	3.5	8
Roast ‘N Toast	Breakfast & Brunch,Diners	$	4.0	9
Somali Restaurant	African	$	4.5	5
Presto Gourmet Deli	Delis	$$	3.5	7
Luci and Ethel’s	Diners,Breakfast & Brunch	$	2.5	16
Ella Greek Grill	Mediterranean,Greek	$	4.5	3
Buddies Eatery & Tap	Pizza,Chicken Wings,Burgers		5.0	3
Chicago’s Pizza	Pizza	$	4.5	10
The McGregor Cowan House	Restaurants		5.0	1
Shawarma Palace	Mediterranean		4.5	4
Forty-Two Degrees North	American (Traditional)	$$	3.0	8
Woodward Cocktail Bar	Gay Bars,Burgers,Cocktail Bars	$	4.0	8
Shway Shway Cafe	Cafes,Breakfast & Brunch,Salad	$	4.5	5
Giovanna’s Lounge	Nightlife,Restaurants	$	4.0	6
amalfi	Italian		3.5	3
Dragon’s Inn Restaurant	Chinese	$$	3.5	16
Mandarin House Restaurant	Chinese	$$	4.0	9
Gyro Land	Food Court,Greek	$	2.0	5
Carribean Island Spice	Lebanese	$$	3.5	3
Akkad Restaurant	Halal	$$	4.0	1
Milano Cafe	Cafes	$$	4.0	3
Sushi Jade	Japanese,Dim Sum,Noodles	$$	3.5	3.0
The Boulevard Room	Breakfast & Brunch	$$	1.5	5.0
Cheech’s Chicken	Restaurants		4.5	2.0
New China One	Chinese	$	3.5	19.0
River Cafe	American (Traditional)	$$	2.5	4.0
Mauro’s On Erie	Mediterranean,Italian		3.5	3.0
Qzine Cafe	Cafes		4.0	1.0
Indian Palace Restaurant	Indian	$$	3.5	13.0
Fourteen East	Cafes,Art Galleries,Coffee & Tea	$	4.0	52.0
Hoi Sushi	Sushi Bars	$$	3.0	29.0
Happy Four Party Store	Beer,Wine & Spirits,Pizza	$	3.0	5.0
Walkerville Eatery	Pizza		4.0	3.0
Shawarma Palace	Lebanese		4.0	5.0
Pasta Shop the Restaurant	Italian		5.0	1.0
Amir’s Greek Pita Express	Donairs,Greek,Poutineries		4.5	3.0
BB’s Butchers Inn	Breakfast & Brunch,Burgers,American (Traditional)	$	2.0	22.0
Rockhead Pub	Comedy Clubs,Burgers,Sandwiches	$$	3.0	2.0
Yami Sushi	Sushi Bars,Japanese,Korean	$$	4.0	10.0
Luna’s Trattoria	Italian	$$	4.0	2.0
Mike Coney Island	Hot Dogs,Sandwiches,Salad	$	4.5	3.0
150 Cafe Lounge	American (New),Sandwiches	$$	3.0	9.0
Windsor Seoul Restaurant	Korean	$$	3.5	12.0
Krooked Kilt	Bars,American (Traditional)	$$	3.5	3.0
Detroit Shawarma	Mediterranean	$$	3.0	2.0
POP + Offworld	Pizza,Bars,Arcades			
Epicurus Restaurant of Wayne state	Diners,Halal,Pizza	$	3.5	29.0
Chatham Street Deli	Delis,Sandwiches	$$	4.5	3.0
Thanasis Greek Restaurant	Greek,Mediterranean	$$	3.0	5.0
Vesta Pizzeria & Antipasto Bar	Pizza		5.0	1.0
Haz Subs and Salads	Delis	$	4.5	3.0
Domino’s Pizza	Pizza,Chicken Wings,Sandwiches		2.0	15.0
Byblos Cafe & Grill II	Seafood,Mediterranean	$$	2.5	33.0
Taza Mediterranean Grill	Mediterranean	$$	2.0	3.0
Coney King Coney Island	Breakfast & Brunch,American (Traditional)	$	3.5	9.0
Pete’s Place	Breakfast & Brunch,Greek	$	3.5	9.0
The Lumberjack	Breakfast & Brunch,Salad,Seafood	$$	3.0	46.0
The Pita Grill	Sandwiches	$	3.0	14.0
Zingara Fine Trattoria	Pizza,Italian,Venues & Event Spaces	$$	3.5	15.0
Jimmy John’s	Sandwiches		2.5	9.0
Sushi-One Express	Japanese,Sushi Bars	$$$	3.5	7.0
Kevin Osborn	Pizza,Bikes,Accessories		2.5	2.0
United Grill	Diners		4.5	4.0
Flings Chicken & Taters	Caterers,Chicken Wings	$$	3.5	8.0
Da Luciano Trattoria	Italian	$$	4.5	2.0
La Pita Fresh	Middle Eastern	$	3.5	43.0
Old Campus Restaurant	Diners	$	3.0	21.0
Sarducci’s Pizza West	Pizza		5.0	1.0
Eggsmart	Breakfast & Brunch	$$	2.0	8.0
Capri Pizzeria	Pizza	$$	3.5	6.0
Pause Cafe	Cafes,Ice Cream & Frozen Yogurt		4.0	3.0
Uptown Restaurant	Breakfast & Brunch		4.0	9.0
Pekin Pavilion	Chinese	$	3.0	10.0
Stack’d	Breakfast & Brunch,American (New),American (Traditional)		1.5	2.0
Butchers Inn	American (Traditional),Bars,Breakfast & Brunch	$	3.5	8.0
Downtown Loius	Bars,American (New)			
Caribbean Heat and Canadian Twist	Caribbean		4.0	2.0
Crossroads Cafe	Barbeque		3.0	1.0
Wonder Wok	Chinese		3.5	4.0
Royal Grill Restaurant	Breakfast & Brunch	$	5.0	4.0
Hellenic Sub	Sandwiches	$	4.5	3.0
Six Pack Bar & Grill	Restaurants		3.5	4.0
The Artist Cafe	Cafes	$$	2.0	16.0
Lunchtime Detroit	Delis	$	3.5	9.0
Burger King	Burgers,Fast Food		3.0	6.0
La Michoacana Tortilla Bakery	Bakeries,Mexican		4.0	1.0
The Guardian - Zingerman’s On Tap	Cafes			
Franco’s Restaurant	Caterers,Pizza	$$	2.5	7.0
Pizzaway	Pizza	$	3.5	4.0
Tim Horton’s	Cafes	$	1.5	6.0
China House	Chinese	$	3.0	8.0
The Market District	Buffets	$$	1.5	18.0
Subway	Sandwiches,Fast Food		5.0	1.0
Motown Coney Island	Hot Dogs	$	3.0	12.0
The Dugout	Sports Bars,Music Venues,Chicken Wings	$$	4.0	6.0
Gilligan’s	Burgers	$$	3.0	9.0
Pho Noodle Station	Vietnamese	$$	4.0	1.0
Zef’s Coney Island	Restaurants		4.0	1.0
Deb’s Diner	Diners	$	3.5	6.0
Sam’s Pizzeria & Cantina	Pizza	$$	3.5	19.0
Flying Tiger Restaurant	Chinese	$$	2.5	8.0
10 Friends Diner	Diners,Breakfast & Brunch	$	4.0	3.0
Bagley Grille	Southern,Soul Food		1.0	1.0
Al Basha Subs - Wayne State Univ	Sandwiches,Burgers,Middle Eastern	$	3.0	16.0
Sweet Chili Indian Restaurant	Indian	$$	3.5	12.0
Burger King	Burgers		4.0	2.0
Domino’s Pizza	Pizza,Chicken Wings,Sandwiches	$$	3.0	3.0
Bob O’s Pizzeria	Pizza		4.0	1.0
The Breadstick Bar and Bistro	American (Traditional)	$		
Amicci’s Pizza	Pizza	$	2.5	31.0
Little Caesars Pizza	Pizza		3.5	3.0
Olympic Grill	Diners	$	3.5	23.0
The Gourmet Emporium	Tapas Bars	$$$	2.5	5.0
Walker Ville Station	Greek,Mediterranean		3.5	2.0
Value Pizza	Pizza	$	4.0	3.0
Jet’s Pizza	Pizza	$$	2.5	29.0
Papa Romano’s Pizza	Pizza	$	1.0	2.0
Midtown Kabob House	Middle Eastern,Indian		4.0	4.0
Subway	Fast Food,Sandwiches	$	3.0	5.0
McDonald’s	Fast Food,Burgers	$	4.5	7.0
House of India	Indian	$$	3.0	13.0
Home Run Subs	Sandwiches	$	2.0	1.0
Delite Cafe Deli Detroit	Ice Cream & Frozen Yogurt,Coffee & Tea,Delis	$	5.0	3.0
Firewater Bar & Grill	Southern,Bars	$$	3.0	5.0
Dynasty Chinese Food	Chinese	$	2.5	23.0
Marija’s Place	Breakfast & Brunch,Sandwiches		4.5	3.0
Man Yuen Szechuan Restaurant	Chinese		3.0	4.0
Kid Rocks Made In Detroit	Southern,Bars	$$$	3.5	4.0
Hot Spot Pita’s & Grill	Sandwiches		3.5	3.0
Little Caesars Pizza	Pizza	$	2.5	4.0
Green Bean Cafe	Cafes	$$	4.0	1.0
Taco Mama	Street Vendors,Food Stands	$$	2.5	7.0
Mainstreet Grill & Coney Island	Breakfast & Brunch,Salad	$	2.0	7.0
Grand River Deli & Burgers	Delis,Burgers	$$	2.5	8.0
Shawarma Castle	Mediterranean	$	2.5	7.0
Walkerville Tavern	Pubs,Breakfast & Brunch	$$$	3.5	6.0
Motor City Grill	American (Traditional)	$	2.5	2.0
ascot oriental	Chinese		4.0	1.0
Bahn Thai Xpress	Thai	$	2.0	1.0
La Casalinga Ristorante	Caterers,Italian		4.0	1.0
IHOP	Breakfast & Brunch,American (Traditional),Sandwiches	$$	2.5	38.0
Mazal Tov Kosher Cuisine	Kosher,Middle Eastern	$$	4.0	1.0
Sterling Services	American (Traditional),Caterers		1.0	1.0
Subway	Sandwiches,Fast Food	$	3.0	4.0
Peking Express	Chinese	$	2.0	10.0
AK Takeaway	Lebanese			
Subway	Sandwiches,Fast Food		5.0	2.0
Subway	Sandwiches,Fast Food	$	3.5	6.0
Passport Pizza ‘n’ Ribs	Pizza,Sandwiches,Salad	$	2.5	35.0
Jet’s Pizza	Pizza	$	2.5	45.0
La Musique Restaurant	American (New)	$$	2.0	8.0
Zingara Fine Trattoria	Pizza,Italian,Venues & Event Spaces	$$	3.5	15.0
Wonder Wok	Chinese		3.5	4.0
Stoney Creek Brewery & Restaurant	Restaurants			
Hygrade Deli	Delis,Sandwiches	$	4.0	94.0
The Liquid Library	Pubs,American (Traditional)		5.0	1.0
Malic’s Restaurant & Delicatessen	Caterers,Delis,Sandwiches	$	3.0	6.0
Burger King	Burgers		4.0	2.0
La Michoacana Tortilla Bakery	Bakeries,Mexican		4.0	1.0
Deli At Brewery Park	Delis	$		
Wendy’s	Fast Food,Burgers	$	3.0	6.0
Harvey’s Restaurants	Fast Food,Burgers,American (Traditional)	$	3.5	4.0
That Sandwich Place	Restaurants		3.0	1.0
Chiqui Mexican	Mexican,Breakfast & Brunch,Sandwiches		5.0	1.0
Greek Pita	Sandwiches,Greek,Mediterranean		2.0	5.0
Pizza Pizza	Pizza,Fast Food	$	3.5	4.0
Sticks and Bones Grill	American (Traditional)			
Moo Cluck Moo Truck	Burgers,Food Trucks,American (Traditional)		2.0	1.0
McDonald’s	Fast Food,Burgers	$	1.5	9.0
Crave Grill	Canadian (New)		2.0	1.0
Olympia Club	Buffets			
Motown Cafe & Grill	American (New)			
Subway	Sandwiches,Fast Food		2.5	3.0
MJ’s Pizza and Wings	Pizza,Fast Food		3.5	3.0
Church’s Fried Chicken	American (Traditional)		2.0	1.0
Wendy’s	Fast Food,Burgers	$	3.0	7.0
Pizza Pizza	Pizza,Italian,Chicken Wings	$$	1.5	3.0
Big Mama’s Pizza N’ More	Pizza		2.0	3.0
Hambone’s	Sandwiches	$	4.0	2.0
Bacchus Ristorante	Italian			
Shawarma Kingdom Restaurant	Middle Eastern	$	3.0	4.0
Pizza Plus	Pizza	$$	3.0	5.0
Addis Ethiopian Restaurant	Ethiopian	$$	4.0	1.0
Sun Cheong Gourmet Barbeque House	Barbeque		3.0	1.0
Little Caesar’s Pizza	Pizza	$$	2.5	8.0
Gold ‘n’ Greens	Cafeteria	$	4.5	3.0
Rhythmz Grill & Music Cafe	Restaurants		4.0	1.0
Biryani & Grill	Pakistani,Indian,Halal		5.0	1.0
McDonald’s	Burgers,Fast Food	$	3.5	3.0
Jimmy John’s	Sandwiches	$	2.0	29.0
The Chatham Street Grill	Restaurants		4.0	1.0
Naples Pizza	Pizza	$$	2.0	3.0
Faces Roadhouse On College	Canadian (New)		2.0	1.0
Szechuan Garden Restaurant	Chinese		3.0	4.0
Full House Seafood Chinese Cuisine	Seafood,Dim Sum		2.0	1.0
Windsor Sandwich Shop	Sandwiches,Salad,Coffee & Tea	$	3.5	14.0
Little Caesars Pizza	Pizza			
Beau Bien Fine Foods	Specialty Food,Sandwiches		5.0	1.0
You Name It	American (Traditional)		2.5	4.0
Bliss Sunday Brunch	Breakfast & Brunch,Salad,Waffles			
McDonald’s	Fast Food,Burgers	$	2.0	21.0
Paulette’s Island Palace	Caterers,Caribbean	$$	4.0	2.0
Gabriel Hall	Cajun/Creole			
Coney Man	Hot Dogs,Soup,Burgers	$	3.0	4.0
Arianna’s Grille	Diners,American (New),Sandwiches	$	3.5	3.0
Cafe Mix	Cafes			
Buon Girono Bistro	Canadian (New)		3.0	2.0
Oscar’s Coney Island	Restaurants		4.0	1.0
Station Restaurant	Restaurants		4.5	3.0
Johnny Garlic’s	Restaurants		2.5	3.0
Delicious Dogs	Hot Dogs,Food Stands			
Wendy’s	Fast Food,Burgers	$	3.0	6.0
Crave Grill	Canadian (New)		1.0	2.0
Rice Bowl Asian Kitchen	Chinese	$	1.5	8.0
Green Bean Café	Desserts,Coffee & Tea,Sandwiches	$	3.5	10.0
Heavenly Chicken	Breakfast & Brunch			
YaYa’s Flame Broiled Chicken	Desserts,Beverage Store,Chicken Wings		3.0	1.0
Kabob N Grill	Restaurants		4.0	1.0
Al-Sabeel Restaurant	Lebanese		4.0	5.0
Campbell Pizza	Pizza,Chicken Wings			
Sisters On A Roll ,Mobile Cafe	Gluten-Free,Vegetarian,Specialty Food			
Big Tony’s Original Woodfired Pizza	Pizza,Italian	$$	1.5	3.0
Cafe 333	Delis			
Truth Music Cafe	Cafes,Music Venues			
Citgo - Mexican town Deli	Gas Stations,Delis	$	4.0	2.0
Kitchen Ramarj	Mediterranean,Pop-Up Restaurants,African			
Jon’s Diner	Diners			
Domino’s Pizza	Pizza	$$	1.5	13.0
Sbarro	American (New)			
Subway	Sandwiches,Fast Food	$	1.0	1.0
Motor City Pit Stop Cafe	Restaurants			
Asian Village	Asian Fusion			
Happy’s Pizza	Pizza	$$	1.5	7.0
Burger King	Burgers,Fast Food	$	3.0	1.0
Noodl	Italian			
Thang Long	Vietnamese		1.0	1.0
Legends Coney Island	American (Traditional),Food			
Namaste Flavours	Indian		2.0	1.0
Border City Coney	Hot Dogs,American (Traditional)	$		
Chester Fried Chicken	Chicken Shop			
Subway	Sandwiches,Fast Food	$	3.5	3.0
Rick’s Delight’s	Delis			
United Cafe Coney Island	Restaurants	$	2.5	3.0
Subway	Sandwiches,Fast Food	$	3.5	2.0
Mr Shishkebab Restaurant	Greek,Mediterranean		5.0	1.0
All Day Breakfast	American (Traditional),Breakfast & Brunch,Buffets			
McDonald’s	Fast Food,Burgers	$	1.5	2.0
Shimmy Shack	Vegetarian,Food Trucks	$$	3.0	14.0
Ana Deli	Delis,Sandwiches			
FlavorKing	Comfort Food			
New Center Gourmet	Delis	$	2.5	6.0
White Castle	Fast Food,Burgers	$	3.0	14.0
Mary’s Cafe	Cafes			
Joint Ventures- The Hub	Salad,Sandwiches			
Bombay Grill House	Indian,Breakfast & Brunch,Pakistani	$		
Rich’s Fountain View Cafe	Cafes			
Pizza Hut	Pizza			
Subway	Sandwiches,Fast Food			
Taco Bell	Mexican		1.0	1.0
5057atMaccabees	Sandwiches,American (New),Bars	$	3.0	8.0
Tony’s Diner	Canadian (New)			
Mc Donalds	Food Stands			
Bagley Cafe	Cafes			
Vernor Coney Island	American (Traditional)			
Gratiot Grill	American (Traditional)			
Harmony & Soul	Breakfast & Brunch,French			
Ted’s Cafe	Restaurants			
Hungry Howie’s Pizza	Pizza			
Hollywood Brown Derby Restaurant At Mgm Grand Detroit Casino	Restaurants			
Royals Restaurant	Seafood,Soup			
Deli At Brewery Park	Delis	$		
Starbucks	Cafes			
Mr. Pita	Mexican,Sandwiches			
H & S Deli	Delis,Sandwiches			
KFC	Fast Food		3.0	1.0
Subway	Fast Food,Sandwiches			
McDonald’s	Fast Food,Burgers	$	1.0	17.0
Touch of Loving Deli	Soul Food			
Tim Hortons	Coffee & Tea,Donuts,Cafes	$$	3.0	1.0
Burger King	Fast Food,Burgers			
Wingstop	Chicken Wings		2.0	1.0
Desi Hut	Indian,Pakistani	$		
Tim Hortons	Fast Food	$	2.0	1.0
Domino’s Pizza	Pizza			
Gourmet Burger Kitchen	Burgers			
Hasbeens Bar & Grill	Bars,American (Traditional)			
Marios Restaurant	Italian			
La Bamba Burrito Company	Mexican			
Lajalisciense	Mexican			
K & T Specialty Foods Ltd	Gluten-Free,Bakeries			
Checkers	Hot Dogs	$	3.0	7.0
Italian Sandwich Deli	Italian,Sandwiches,Delis			
Randy’s Sausage	Delis,Meat Shops			
The Doghouse & Deli	Canadian (New)			
Krispy Krunchy Chicken	Chicken Wings			
Ersu	Chinese			
Lunchtime Global	Sandwiches	$$		
Grapevine Cafe	Coffee & Tea,Restaurants			
Gyros & More	Greek		4.0	1.0
Subway	Sandwiches,Fast Food	$	4.0	1.0
Freshii	Fast Food,Salad,Juice Bars & Smoothies		2.5	7.0
Nader’s Quality Cuisine & Cafe	Coffee & Tea,Breakfast & Brunch	$$	1.0	1.0
Ottawa Sausage & Delicatessen	Delis,Sandwiches			
Dominion House	Bars,Burgers			
Kabab N Curry	Indian,Halal,Pakistani		3.0	1.0
State Bardba Clear Channel Ent	Restaurants			
Hungry Howie’s Pizza	Pizza			
Taco Bell	Tex-Mex,Fast Food,Mexican		2.5	2.0
The Downtowner Diner	Diners			
Mario’s Vineria & Pasta Bar	Italian			
B G’s Korean Restaurant	Korean			
Rivercafe	Restaurants			
Shawarma Express	Middle Eastern		2.5	4.0
Slices Pizza	Pizza			
Royal Indian Cuisine	Middle Eastern,Indian,Pakistani			
Deck	Performing Arts,Restaurants			
Downtown Pizzaria	Pizza			
Riviera Pizza & Fish & Chips by the Serra’s	Pizza,Fish & Chips	$$	4.5	3.0
Club HQ	Bars,Cafes			
Thai Silk Restaurent	Thai			
Maverick’s Food & Spirits	Restaurants			
Tutto Ristorante	Italian			
Family Fair Deli	Delis			
The Flaming Island	Diners			
Mama Mia Pizzeria	Beer,Wine & Spirits,Pizza			
Hing Lung	Chinese		5.0	1.0
G & T Management	Restaurants			
Snack In the Box	American (New)			
East African & Asian Restaurant	Asian Fusion,African			
Tim Hortons	Coffee & Tea,Breakfast & Brunch	$	3.5	4.0
Greek Town Pita And Shawarma	Greek		2.0	2.0
Burger King	Burgers,Fast Food	$	1.0	3.0
Lucky Fortune Diner	Diners			
Subway	Sandwiches,Fast Food		2.0	2.0
James A Samborn	Lawyers,Restaurants			
E Indian Cuisine	Middle Eastern,Indian,Pakistani			
The Original Brothers Pizza	Pizza	$$	3.0	1.0
Dynasty Chinese Cuisine & Bbq	Chinese,Barbeque,Imported Food	$		
Boschetto Ristorante	Caterers,Italian,Pizza			
Il Bosco Ristorante	Caterers,Italian,Pizza			
KFC	Chicken Wings,Fast Food		1.0	1.0
Peggy Day’s	Desserts,Fast Food			
Avalon Cafe Biscuit Bar	Sandwiches,Coffee & Tea,Breakfast & Brunch		3.5	2.0
Fish City	Restaurants			
Pita Cruiser Food Truck	Food Trucks,Mediterranean		3.0	2.0
Classic Bakery	Pizza			
Wah Kee Chinese Restaurant	Chinese			
Pita Pit	Sandwiches			
The Cook’s Crossing	American (New)			
Poker Pizza	Pizza			
Pizza King Restaurant	Pizza		1.0	1.0
Napol 2 For 1 Pizza & Wings	Chicken Wings,Pizza			
Subway	Sandwiches,Fast Food		1.0	1.0
United Fish Distributors	Seafood			
Quality European Deli	Delis,Sandwiches			
Spys	Sandwiches			
Subway	Sandwiches,Fast Food		2.5	3.0
Subway	Fast Food,Sandwiches			
Sub City	Sandwiches			
La Bottega Italian Deli	Delis,Books,Mags,Music & Video			
Euro Transylvania Delicatessen	Delis,Sandwiches			
Epicurean Cafe	Restaurants	$		
Franco’s Restaurants	Pizza			
Quizno’s Subs	Sandwiches			
Bongs Noodles	Noodles			
Mancuso’s Trattoria	Italian	$$$	2.0	1.0
Prashek’s Sausage	Delis,Sandwiches,Meat Shops			
KFC	Chicken Wings,Fast Food	$	1.0	3.0
Triple J-Market	Delis,Sandwiches			
Flame Grill	Restaurants			
Chicken Inn Restaurant	Chicken Wings	$$	5.0	2.0
